jakosc,ber,bledy grupowe,dist1,dist2,dist3
0,0.1,0.1,0.1,0.0501494843871862,2061,23484,1901,149,10,1,0,0,0
0,0.1,0.1,0.2,0.0334408128484358,1198,16045,1119,76,3,0,0,0,0
0,0.1,0.1,0.3,0.0248580981541928,776,12171,732,42,2,0,0,0,0
0,0.1,0.1,0.4,0.0202092781420607,568,10024,536,30,2,0,0,0,0
0,0.1,0.1,0.5,0.0166815910338254,368,8483,347,21,0,0,0,0,0
0,0.1,0.2,0.1,0.0667714983101765,2697,31332,2467,205,22,2,1,0,0
0,0.1,0.2,0.2,0.0498281290620757,1762,23950,1643,112,7,0,0,0,0
0,0.1,0.2,0.3,0.0399022213235507,1299,19413,1214,79,6,0,0,0,0
0,0.1,0.2,0.4,0.0330418267425402,941,16366,890,48,3,0,0,0,0
0,0.1,0.2,0.5,0.0287414425604437,701,14491,674,27,0,0,0,0,0
0,0.1,0.3,0.1,0.0752838036916144,3058,35339,2835,202,20,1,0,0,0
0,0.1,0.3,0.2,0.0596673791848407,2116,28658,1968,136,12,0,0,0,0
0,0.1,0.3,0.3,0.0498714578699558,1637,24242,1533,100,4,0,0,0,0
0,0.1,0.3,0.4,0.0428449695254051,1171,21309,1095,71,5,0,0,0,0
0,0.1,0.3,0.5,0.0378332707472775,838,19251,809,29,0,0,0,0,0
0,0.1,0.4,0.1,0.0795155839279009,3137,37547,2931,190,15,1,0,0,0
0,0.1,0.4,0.2,0.0660710159161154,2350,31735,2196,146,8,0,0,0,0
0,0.1,0.4,0.3,0.0569196106184465,1792,27829,1686,98,7,1,0,0,0
0,0.1,0.4,0.4,0.0496223172246454,1371,24673,1304,63,4,0,0,0,0
0,0.1,0.4,0.5,0.0442369074785522,1028,22392,977,47,4,0,0,0,0
0,0.1,0.5,0.1,0.0841355180681129,3399,39524,3140,238,20,1,0,0,0
0,0.1,0.5,0.2,0.0713011641006384,2645,34013,2461,177,7,0,0,0,0
0,0.1,0.5,0.3,0.0628737109679656,2075,30563,1970,98,6,1,0,0,0
0,0.1,0.5,0.4,0.0556883503278546,1560,27640,1477,80,3,0,0,0,0
0,0.1,0.5,0.5,0.0496999480054305,1147,25192,1106,39,2,0,0,0,0
0,0.2,0.1,0.1,0.100143707212802,7437,39148,6211,1032,169,22,3,0,0
0,0.2,0.1,0.2,0.0668039949160865,4484,27317,3855,554,62,12,1,0,0
0,0.2,0.1,0.3,0.0499075652098559,3007,21183,2615,342,45,5,0,0,0
0,0.2,0.1,0.4,0.0395682284294751,2019,17640,1796,207,16,0,0,0,0
0,0.2,0.1,0.5,0.0332061151390855,1455,15340,1324,120,10,1,0,0,0
0,0.2,0.2,0.1,0.132781131748462,9718,52260,8156,1323,197,33,9,0,0
0,0.2,0.2,0.2,0.0997808284468067,6698,40813,5762,828,93,14,1,0,0
0,0.2,0.2,0.3,0.0794361477801207,4720,33895,4121,541,51,6,1,0,0
0,0.2,0.2,0.4,0.0665873508766862,3477,29511,3095,349,30,3,0,0,0
0,0.2,0.2,0.5,0.0566632485051561,2533,26084,2320,190,23,0,0,0,0
0,0.2,0.3,0.1,0.150230003755163,11063,59070,9348,1458,218,34,4,1,0
0,0.2,0.3,0.2,0.119683194199717,7948,49142,6863,938,127,17,3,0,0
0,0.2,0.3,0.3,0.100131069643837,6002,42620,5269,639,83,10,1,0,0
0,0.2,0.3,0.4,0.0860492070828158,4498,38160,4051,393,49,4,1,0,0
0,0.2,0.3,0.5,0.0749209249256189,3389,34399,3093,272,22,2,0,0,0
0,0.2,0.4,0.1,0.159650408735088,11832,62642,10032,1528,226,39,7,0,0
0,0.2,0.4,0.2,0.133593546896213,9041,54420,7752,1110,156,19,3,1,0
0,0.2,0.4,0.3,0.113790476328028,6718,48675,5890,741,84,3,0,0,0
0,0.2,0.4,0.4,0.0999072041364569,5177,44397,4640,489,45,3,0,0,0
0,0.2,0.4,0.5,0.0890226465235853,3922,41071,3561,327,34,0,0,0,0
0,0.2,0.5,0.1,0.166539689188018,12364,65256,10453,1610,259,34,7,1,0
0,0.2,0.5,0.2,0.142270140674196,9605,58107,8300,1140,149,15,1,0,0
0,0.2,0.5,0.3,0.125465784684711,7515,53484,6656,752,93,12,2,0,0
0,0.2,0.5,0.4,0.110752043675438,5651,49374,5038,561,47,5,0,0,0
0,0.2,0.5,0.5,0.0993800369739161,4481,45675,4114,329,34,3,1,0,0
0,0.3,0.1,0.1,0.149845460585228,15004,48426,11499,2672,660,133,29,7,4
0,0.3,0.1,0.2,0.100896545249718,9276,34942,7351,1545,312,52,13,2,1
0,0.3,0.1,0.3,0.0753903203443196,6276,27808,5147,907,180,36,6,0,0
0,0.3,0.1,0.4,0.0602793985961466,4395,23804,3724,566,90,11,4,0,0
0,0.3,0.1,0.5,0.0502686386088564,3121,21151,2714,371,30,4,2,0,0
0,0.3,0.2,0.1,0.199424449001993,19988,64456,15296,3629,838,188,28,5,4
0,0.3,0.2,0.2,0.150347352609839,13908,51844,10990,2340,475,85,17,1,0
0,0.3,0.2,0.3,0.119982885120887,9967,44318,8140,1494,290,39,4,0,0
0,0.3,0.2,0.4,0.100165371616742,7544,39028,6382,988,149,20,5,0,0
0,0.3,0.2,0.5,0.0850129264276842,5342,35680,4700,567,68,6,1,0,0
0,0.3,0.3,0.1,0.225465062537913,22730,72490,17360,4140,946,242,32,10,0
0,0.3,0.3,0.2,0.181237181894335,16880,62127,13319,2812,607,100,36,5,1
0,0.3,0.3,0.3,0.149209971402987,12492,54923,10267,1794,360,59,10,2,0
0,0.3,0.3,0.4,0.128695586238771,9535,50418,8007,1305,181,38,4,0,0
0,0.3,0.3,0.5,0.112441867182761,7206,46818,6274,828,89,14,1,0,0
0,0.3,0.4,0.1,0.240552514515151,24251,77602,18744,4229,1000,217,49,9,3
0,0.3,0.4,0.2,0.199061570235998,18209,69036,14310,3158,600,116,24,1,0
0,0.3,0.4,0.3,0.170280409601664,14179,62843,11604,2135,352,75,11,2,0
0,0.3,0.4,0.4,0.149701031225628,11080,58727,9367,1438,238,31,4,2,0
0,0.3,0.4,0.5,0.133492446344493,8354,55996,7278,937,122,11,6,0,0
0,0.3,0.5,0.1,0.249393396689679,25039,80598,19261,4441,1061,220,42,11,3
0,0.3,0.5,0.2,0.213787948814235,19561,74196,15517,3197,675,140,28,3,1
0,0.3,0.5,0.3,0.186674947283284,15336,69354,12533,2331,391,66,12,3,0
0,0.3,0.5,0.4,0.166528856986048,12169,65673,10282,1585,267,29,6,0,0
0,0.3,0.5,0.5,0.149242468008897,9378,62539,8180,1050,125,21,2,0,0
0,0.4,0.1,0.1,0.199577905196568,24068,51608,16551,5188,1643,483,149,40,14
0,0.4,0.1,0.2,0.134756203240995,15194,38535,10949,3136,820,238,33,11,7
0,0.4,0.1,0.3,0.100066076432017,10375,31360,7797,1998,457,95,22,4,2
0,0.4,0.1,0.4,0.0805320055460874,7424,27854,5903,1207,258,45,8,3,0
0,0.4,0.1,0.5,0.0668581559259366,5427,25080,4506,775,120,22,2,2,0
0,0.4,0.2,0.1,0.26646675236142,32169,68961,22131,6995,2165,628,174,63,13
0,0.4,0.2,0.2,0.199888428319709,22656,56924,16384,4636,1206,317,83,28,2
0,0.4,0.2,0.3,0.159888717178428,16388,50441,12311,3101,756,160,49,9,2
0,0.4,0.2,0.4,0.133613405933158,12541,45676,9945,2055,446,79,13,3,0
0,0.4,0.2,0.5,0.114305005921604,9206,43032,7656,1282,223,38,7,0,0
0,0.4,0.3,0.1,0.2993135994685,36143,77383,24823,7902,2422,696,227,58,15
0,0.4,0.3,0.2,0.24011200496837,27022,68815,19593,5409,1487,405,105,16,7
0,0.4,0.3,0.3,0.198947832115312,20591,62559,15673,3739,908,200,55,14,2
0,0.4,0.3,0.4,0.170952006123805,15826,58950,12553,2606,550,88,26,3,0
0,0.4,0.3,0.5,0.149827406915278,11885,56742,9842,1685,298,46,11,3,0
0,0.4,0.4,0.1,0.320504997255842,38685,82947,26645,8391,2548,777,245,60,19
0,0.4,0.4,0.2,0.267670932147087,30131,76348,21631,6178,1691,484,107,26,14
0,0.4,0.4,0.3,0.228386146335827,23622,71758,17886,4405,991,267,56,12,5
0,0.4,0.4,0.4,0.199664562812328,18484,68947,14713,3032,600,114,19,6,0
0,0.4,0.4,0.5,0.17759756203241,14248,66945,11808,2032,339,58,8,3,0
0,0.4,0.5,0.1,0.333557800629712,40136,86241,27437,8777,2751,831,249,68,23
0,0.4,0.5,0.2,0.28635467517837,32208,81989,23262,6509,1803,482,119,27,6
0,0.4,0.5,0.3,0.251428045293047,25938,79042,19619,4758,1177,319,48,14,3
0,0.4,0.5,0.4,0.222845475028164,20615,76823,16287,3480,668,156,22,2,0
0,0.4,0.5,0.5,0.199823435107889,15971,75425,13198,2317,376,73,7,0,0
0,0.5,0.1,0.1,0.251453320430977,33843,50511,20563,8259,3182,1166,455,165,53
0,0.5,0.1,0.2,0.167028943643664,21382,38620,13978,4879,1690,560,200,55,20
0,0.5,0.1,0.3,0.124480054305439,14674,33291,10183,3177,935,276,83,16,4
0,0.5,0.1,0.4,0.100060660331032,10765,30159,7995,2037,558,124,45,6,0
0,0.5,0.1,0.5,0.082895230942546,7834,28124,6138,1348,282,55,8,3,0
0,0.5,0.2,0.1,0.333180478927756,44524,67143,26943,10751,4212,1679,627,233,79
0,0.5,0.2,0.2,0.2502527513793,31896,58122,20769,7302,2610,823,281,79,32
0,0.5,0.2,0.3,0.200511279932985,23781,53237,16541,5089,1512,455,142,33,9
0,0.5,0.2,0.4,0.166617319968803,17929,50210,13307,3407,919,226,55,11,4
0,0.5,0.2,0.5,0.142549972558422,13557,48214,10719,2211,488,118,16,4,1
0,0.5,0.3,0.1,0.376097663132962,50553,75754,30837,12205,4712,1775,707,222,95
0,0.5,0.3,0.2,0.2994219214882,38025,69790,24744,8661,3117,1049,329,97,28
0,0.5,0.3,0.3,0.249146061411364,29539,66332,20641,6257,1854,587,146,41,13
0,0.5,0.3,0.4,0.213280640688639,22922,64419,16944,4533,1085,286,58,15,1
0,0.5,0.3,0.5,0.187707617204425,17820,63383,13895,3108,644,145,22,6,0
0,0.5,0.4,0.1,0.399670339986712,53401,80947,32424,12847,5090,1981,718,258,83
0,0.5,0.4,0.2,0.334036222883388,42634,77472,27698,9897,3403,1141,352,108,35
0,0.5,0.4,0.3,0.286345648343395,34157,75669,23817,7270,2198,608,196,57,11
0,0.5,0.4,0.4,0.249059403795604,26882,74866,19931,5187,1294,356,91,20,3
0,0.5,0.4,0.5,0.222580086079898,21250,74855,16577,3659,806,176,27,4,1
0,0.5,0.5,0.1,0.416601071665848,55870,84018,34095,13376,5207,2045,769,270,108
0,0.5,0.5,0.2,0.357872483318409,45689,83162,29956,10312,3677,1178,390,129,47
0,0.5,0.5,0.3,0.311608148704469,37066,82619,25819,7926,2371,703,175,59,13
0,0.5,0.5,0.4,0.27946900545943,30304,83661,22434,5852,1529,363,103,19,4
0,0.5,0.5,0.5,0.249523383113319,23807,84040,18627,4077,877,192,23,7,4
0.005,0.1,0.1,0.1,0.0525939512984199,2105,24769,1965,127,13,0,0,0,0
0.005,0.1,0.1,0.2,0.0369089228458361,1286,17774,1195,85,5,1,0,0,0
0.005,0.1,0.1,0.3,0.0288082411392588,835,14244,794,39,2,0,0,0,0
0.005,0.1,0.1,0.4,0.0239806897946215,558,12139,531,26,1,0,0,0,0
0.005,0.1,0.1,0.5,0.0212401426962073,440,10860,416,23,1,0,0,0,0
0.005,0.1,0.2,0.1,0.0681183020884485,2729,32059,2532,182,13,2,0,0,0
0.005,0.1,0.2,0.2,0.0526986625841301,1838,25388,1722,107,8,1,0,0,0
0.005,0.1,0.2,0.3,0.043408244027846,1387,21175,1297,85,5,0,0,0,0
0.005,0.1,0.2,0.4,0.0367211646783558,974,18348,931,42,1,0,0,0,0
0.005,0.1,0.2,0.5,0.0325200756809844,742,16494,709,31,2,0,0,0,0
0.005,0.1,0.3,0.1,0.0765565874230914,3077,36002,2853,203,19,0,2,0,0
0.005,0.1,0.3,0.2,0.0622653022906496,2275,29766,2112,154,8,1,0,0,0
0.005,0.1,0.3,0.3,0.0528448973107253,1686,25781,1577,100,9,0,0,0,0
0.005,0.1,0.3,0.4,0.0458274358011497,1285,22745,1223,56,5,1,0,0,0
0.005,0.1,0.3,0.5,0.0404239723851064,974,20405,937,36,1,0,0,0,0
0.005,0.1,0.4,0.1,0.0814401051445738,3311,38218,3051,250,10,0,0,0,0
0.005,0.1,0.4,0.2,0.0683475836968139,2514,32647,2341,164,8,1,0,0,0
0.005,0.1,0.4,0.3,0.05919437303215,1948,28750,1818,120,8,2,0,0,0
0.005,0.1,0.4,0.4,0.0518826367023889,1462,25727,1378,81,3,0,0,0,0
0.005,0.1,0.4,0.5,0.0469575955400214,1134,23678,1075,55,3,1,0,0,0
0.005,0.1,0.5,0.1,0.0844099338513533,3406,39674,3159,227,18,2,0,0,0
0.005,0.1,0.5,0.2,0.0729584910020509,2673,34877,2497,164,11,1,0,0,0
0.005,0.1,0.5,0.3,0.0646249169531182,2070,31527,1950,111,9,0,0,0,0
0.005,0.1,0.5,0.4,0.057901730263728,1659,28658,1568,86,5,0,0,0,0
0.005,0.1,0.5,0.5,0.0527149108870851,1334,26471,1276,56,2,0,0,0,0
0.005,0.2,0.1,0.1,0.103817629047633,7620,40934,6486,963,145,26,0,0,0
0.005,0.2,0.1,0.2,0.0700464340391115,4532,29039,3928,524,68,12,0,0,0
0.005,0.2,0.1,0.3,0.0540508824633872,3094,23376,2757,305,27,4,1,0,0
0.005,0.2,0.1,0.4,0.0438704179785667,2138,19778,1917,196,25,0,0,0,0
0.005,0.2,0.1,0.5,0.037526358358127,1532,17574,1395,127,9,1,0,0,0
0.005,0.2,0.2,0.1,0.135142551777925,10018,53027,8510,1270,199,33,4,2,0
0.005,0.2,0.2,0.2,0.10210614113637,6686,42089,5747,808,109,18,4,0,0
0.005,0.2,0.2,0.3,0.0837058407233022,5081,35486,4463,531,75,12,0,0,0
0.005,0.2,0.2,0.4,0.070389453768162,3652,31281,3293,319,35,5,0,0,0
0.005,0.2,0.2,0.5,0.0609058609434126,2714,28022,2462,219,32,1,0,0,0
0.005,0.2,0.3,0.1,0.152147303503856,11255,59707,9500,1494,223,34,4,0,0
0.005,0.2,0.3,0.2,0.121945319044455,8210,49877,7123,935,142,10,0,0,0
0.005,0.2,0.3,0.3,0.102754267887576,6079,43912,5331,658,82,8,0,0,0
0.005,0.2,0.3,0.4,0.088806002484185,4665,39332,4201,410,46,6,2,0,0
0.005,0.2,0.3,0.5,0.0775296802333978,3412,35779,3100,285,25,2,0,0,0
0.005,0.2,0.4,0.1,0.160578367370519,11767,63280,9960,1516,260,29,2,0,0
0.005,0.2,0.4,0.2,0.134600941679425,9071,55018,7855,1059,134,23,0,0,0
0.005,0.2,0.4,0.3,0.116518385857477,7125,49274,6225,795,94,11,0,0,0
0.005,0.2,0.4,0.4,0.102274040266905,5311,45458,4791,473,45,1,1,0,0
0.005,0.2,0.4,0.5,0.0914003148560039,4119,41960,3727,358,32,1,1,0,0
0.005,0.2,0.5,0.1,0.167314191628874,12434,65561,10490,1687,218,33,5,1,0
0.005,0.2,0.5,0.2,0.143958158814524,9545,59150,8253,1117,145,28,2,0,0
0.005,0.2,0.5,0.3,0.126471374100927,7515,53948,6571,833,94,14,3,0,0
0.005,0.2,0.5,0.4,0.113279557468442,5959,50127,5323,576,55,5,0,0,0
0.005,0.2,0.5,0.5,0.101847973656085,4652,46647,4232,381,35,4,0,0,0
0.005,0.3,0.1,0.1,0.151143519454635,14981,49352,11509,2717,610,121,17,5,2
0.005,0.3,0.1,0.2,0.102994381697912,9292,35971,7315,1579,306,69,21,0,2
0.005,0.3,0.1,0.3,0.0787320546520697,6327,29538,5174,932,183,34,2,2,0
0.005,0.3,0.1,0.4,0.0640977497905774,4495,25695,3798,586,102,7,2,0,0
0.005,0.3,0.1,0.5,0.054594297928883,3336,23103,2934,345,52,4,1,0,0
0.005,0.3,0.2,0.1,0.2009391519108,20113,64968,15390,3652,824,192,45,9,1
0.005,0.3,0.2,0.2,0.153277463242728,13936,53278,10949,2391,453,120,21,2,0
0.005,0.3,0.2,0.3,0.122374996389266,9987,45585,8175,1481,262,59,8,1,1
0.005,0.3,0.2,0.4,0.103465582483607,7569,40837,6424,988,130,22,4,1,0
0.005,0.3,0.2,0.5,0.0895913371270112,5663,37444,4908,667,77,10,1,0,0
0.005,0.3,0.3,0.1,0.22712780554031,23003,72780,17583,4166,979,218,44,11,2
0.005,0.3,0.3,0.2,0.182190415667697,16960,62705,13474,2819,546,104,17,0,0
0.005,0.3,0.3,0.3,0.152423524654092,12584,56503,10274,1935,312,55,7,1,0
0.005,0.3,0.3,0.4,0.130706765071204,9570,51494,8052,1311,172,31,3,1,0
0.005,0.3,0.3,0.5,0.116005661630896,7315,48572,6404,788,107,13,2,1,0
0.005,0.3,0.4,0.1,0.241345070625957,24181,78007,18527,4352,1015,229,48,8,2
0.005,0.3,0.4,0.2,0.202058479447702,18806,69451,14905,3108,662,105,20,5,1
0.005,0.3,0.4,0.3,0.174539270342875,14651,64064,11913,2261,395,69,11,2,0
0.005,0.3,0.4,0.4,0.152495739333892,11160,60090,9397,1504,229,25,4,1,0
0.005,0.3,0.4,0.5,0.135991074265577,8728,56573,7592,996,123,13,4,0,0
0.005,0.3,0.5,0.1,0.251072387995032,25420,80580,19531,4479,1117,247,35,10,1
0.005,0.3,0.5,0.2,0.216746945319044,19995,74807,15758,3417,652,139,24,4,1
0.005,0.3,0.5,0.3,0.189233152315203,15748,69892,12881,2387,409,61,9,1,0
0.005,0.3,0.5,0.4,0.169128585458852,12603,66025,10543,1725,290,36,8,1,0
0.005,0.3,0.5,0.5,0.152598645252607,9746,63544,8459,1113,148,24,2,0,0
0.005,0.4,0.1,0.1,0.201327305814726,24162,52520,16687,5216,1585,478,142,40,14
0.005,0.4,0.1,0.2,0.137067072994598,15189,39779,10962,3097,823,228,60,16,3
0.005,0.4,0.1,0.3,0.102792180594471,10263,33070,7740,1897,477,113,31,3,2
0.005,0.4,0.1,0.4,0.0838340217799474,7396,29728,5888,1189,246,62,7,3,1
0.005,0.4,0.1,0.5,0.070394869869147,5445,26915,4459,821,135,24,6,0,0
0.005,0.4,0.2,0.1,0.267564415494382,32263,69269,22119,7117,2111,666,192,43,15
0.005,0.4,0.2,0.2,0.203618316531385,22897,58316,16527,4625,1318,318,87,20,2
0.005,0.4,0.2,0.3,0.161715748577371,16517,51377,12541,3056,712,162,36,6,4
0.005,0.4,0.2,0.4,0.137095958866518,12602,47514,10047,2032,417,74,28,4,0
0.005,0.4,0.2,0.5,0.118264175741645,9421,44686,7765,1380,234,38,3,1,0
0.005,0.4,0.3,0.1,0.301458375458563,36357,77967,24965,7866,2518,722,217,52,17
0.005,0.4,0.3,0.2,0.241774747970768,27305,68954,19677,5573,1526,412,93,21,3
0.005,0.4,0.3,0.3,0.202854646292498,20856,63965,15710,3965,909,204,53,12,3
0.005,0.4,0.3,0.4,0.17415833790693,15987,60263,12612,2682,559,110,20,4,0
0.005,0.4,0.3,0.5,0.153118590947168,12164,57909,10046,1730,328,52,6,2,0
0.005,0.4,0.4,0.1,0.319452468297756,38363,83083,26325,8434,2546,731,236,72,19
0.005,0.4,0.4,0.2,0.268214347612583,29984,77266,21717,6009,1654,459,101,31,13
0.005,0.4,0.4,0.3,0.230697016089431,23916,72493,18129,4475,1019,233,54,5,1
0.005,0.4,0.4,0.4,0.201917660822092,18714,69483,14793,3086,689,123,16,7,0
0.005,0.4,0.4,0.5,0.180422961379589,14551,67792,12013,2108,365,55,10,0,0
0.005,0.4,0.5,0.1,0.334561584678934,40423,86597,27857,8778,2668,806,240,64,10
0.005,0.4,0.5,0.2,0.285829313382824,32115,82017,23196,6566,1752,443,121,30,7
0.005,0.4,0.5,0.3,0.252625003610734,25903,79817,19553,4839,1158,284,49,16,4
0.005,0.4,0.5,0.4,0.224472110690661,21138,76583,16780,3472,684,172,29,1,0
0.005,0.4,0.5,0.5,0.202569398307288,16353,76123,13488,2424,383,49,7,2,0
0.005,0.5,0.1,0.1,0.252583480169849,33631,51389,20392,8090,3240,1244,437,162,66
0.005,0.5,0.1,0.2,0.170132369508074,21354,40337,13892,4943,1668,581,195,60,15
0.005,0.5,0.1,0.3,0.127928305265894,14873,34766,10349,3200,959,263,74,23,5
0.005,0.5,0.1,0.4,0.104097460931858,11007,31830,8119,2181,527,146,27,7,0
0.005,0.5,0.1,0.5,0.0873418498512378,7999,30261,6336,1298,289,66,4,6,0
0.005,0.5,0.2,0.1,0.33545163060747,44899,67622,27165,10910,4261,1654,625,210,74
0.005,0.5,0.2,0.2,0.252861506687079,32117,58961,20911,7328,2637,851,269,91,30
0.005,0.5,0.2,0.3,0.202175828302377,23778,54262,16587,5040,1543,445,115,41,7
0.005,0.5,0.2,0.4,0.170547603916924,18472,51167,13703,3572,898,233,47,13,6
0.005,0.5,0.2,0.5,0.146084881134637,13743,49697,10802,2307,507,99,24,4,0
0.005,0.5,0.3,0.1,0.376601360524567,50370,75818,30573,12064,4783,1871,704,266,109
0.005,0.5,0.3,0.2,0.301400603714723,38082,70956,24808,8827,3010,961,321,117,38
0.005,0.5,0.3,0.3,0.25347894219937,30155,66920,20868,6490,2002,576,155,53,11
0.005,0.5,0.3,0.4,0.216905817614605,23395,65149,17299,4511,1184,305,73,18,5
0.005,0.5,0.3,0.5,0.190883257748635,18271,64165,14335,3060,704,137,31,3,1
0.005,0.5,0.4,0.1,0.401735679828996,53715,81144,32524,13036,5133,1954,679,265,124
0.005,0.5,0.4,0.2,0.334913631242959,42607,78074,27750,9786,3459,1108,361,108,35
0.005,0.5,0.4,0.3,0.286741023715301,34009,76060,23671,7170,2260,652,187,59,10
0.005,0.5,0.4,0.4,0.254172203125451,27758,75589,20549,5358,1383,354,80,28,6
0.005,0.5,0.4,0.5,0.225486726941853,21633,75637,16912,3712,788,184,31,5,1
0.005,0.5,0.5,0.1,0.41803453305988,56229,83670,34057,13693,5332,2031,727,269,120
0.005,0.5,0.5,0.2,0.359786172333112,45980,83270,30104,10328,3723,1228,430,123,44
0.005,0.5,0.5,0.3,0.314857809295474,37292,83466,25798,8021,2460,743,190,59,21
0.005,0.5,0.5,0.4,0.279205421878159,30224,83809,22425,5793,1536,377,67,24,2
0.005,0.5,0.5,0.5,0.252913862329934,24229,84925,18959,4117,906,214,29,4,0
0.01,0.1,0.1,0.1,0.0547946936653283,2112,25948,1950,145,17,0,0,0,0
0.01,0.1,0.1,0.2,0.0397198792570554,1220,19477,1139,78,3,0,0,0,0
0.01,0.1,0.1,0.3,0.0328287934371299,942,16234,881,56,5,0,0,0,0
0.01,0.1,0.1,0.4,0.0278712556688524,653,14096,619,33,0,1,0,0,0
0.01,0.1,0.1,0.5,0.0252625003610734,523,12928,504,19,0,0,0,0,0
0.01,0.1,0.2,0.1,0.0699976891302464,2749,33023,2515,217,17,0,0,0,0
0.01,0.1,0.2,0.2,0.0551106328894538,1878,26637,1756,112,9,1,0,0,0
0.01,0.1,0.2,0.3,0.0457082815794795,1368,22492,1282,82,4,0,0,0,0
0.01,0.1,0.2,0.4,0.0397938993038505,1073,19845,1026,43,4,0,0,0,0
0.01,0.1,0.2,0.5,0.0356776625552442,813,18106,786,25,1,1,0,0,0
0.01,0.1,0.3,0.1,0.0770494526127271,3018,36392,2785,217,15,1,0,0,0
0.01,0.1,0.3,0.2,0.0637059851526618,2294,30530,2133,154,6,1,0,0,0
0.01,0.1,0.3,0.3,0.0552009012392039,1796,26863,1683,105,8,0,0,0,0
0.01,0.1,0.3,0.4,0.0485336809266588,1342,24113,1261,76,5,0,0,0,0
0.01,0.1,0.3,0.5,0.0437079349490164,1044,22080,1002,42,0,0,0,0,0
0.01,0.1,0.4,0.1,0.0820286547849447,3287,38564,3009,258,20,0,0,0,0
0.01,0.1,0.4,0.2,0.0698442329356712,2499,33484,2304,185,10,0,0,0,0
0.01,0.1,0.4,0.3,0.0610268205320778,1953,29772,1833,115,5,0,0,0,0
0.01,0.1,0.4,0.4,0.0547260897195182,1548,27121,1458,84,6,0,0,0,0
0.01,0.1,0.4,0.5,0.0500447731014761,1254,25155,1199,53,2,0,0,0,0
0.01,0.1,0.5,0.1,0.0859011669892256,3607,40062,3330,250,26,1,0,0,0
0.01,0.1,0.5,0.2,0.0746663681793235,2764,35645,2593,158,12,1,0,0,0
0.01,0.1,0.5,0.3,0.0662587740835957,2068,32409,1920,141,6,1,0,0,0
0.01,0.1,0.5,0.4,0.0598316675813859,1748,29535,1643,100,5,0,0,0,0
0.01,0.1,0.5,0.5,0.055283948120974,1444,27644,1358,82,4,0,0,0,0
0.01,0.2,0.1,0.1,0.104359239146134,7292,41901,6161,970,134,26,1,0,0
0.01,0.2,0.1,0.2,0.0745381871226783,4638,31231,3974,566,86,9,1,1,1
0.01,0.2,0.1,0.3,0.0578150726479679,3025,25535,2652,314,53,5,1,0,0
0.01,0.2,0.1,0.4,0.0485950634044889,2344,21985,2122,201,20,1,0,0,0
0.01,0.2,0.1,0.5,0.041445810104278,1604,19603,1472,120,10,2,0,0,0
0.01,0.2,0.2,0.1,0.136675308356683,9893,54170,8403,1270,190,23,5,2,0
0.01,0.2,0.2,0.2,0.104844882867789,6804,43303,5795,868,128,13,0,0,0
0.01,0.2,0.2,0.3,0.0857928449695254,4977,36930,4402,522,45,7,1,0,0
0.01,0.2,0.2,0.4,0.0729639071030359,3773,32475,3414,328,27,4,0,0,0
0.01,0.2,0.2,0.5,0.0636789046477368,2742,29522,2503,216,19,4,0,0,0
0.01,0.2,0.3,0.1,0.153165530489038,11371,59901,9534,1533,255,44,4,1,0
0.01,0.2,0.3,0.2,0.123573760073948,8071,51015,6968,938,145,17,3,0,0
0.01,0.2,0.3,0.3,0.104482004101794,6113,44734,5318,688,97,9,1,0,0
0.01,0.2,0.3,0.4,0.0919870591293798,4826,40747,4331,441,51,2,1,0,0
0.01,0.2,0.3,0.5,0.0811819376642884,3681,37243,3346,310,23,2,0,0,0
0.01,0.2,0.4,0.1,0.16118858141483,11912,63297,10078,1557,233,39,3,2,0
0.01,0.2,0.4,0.2,0.137514804009359,9161,56402,7892,1107,147,15,0,0,0
0.01,0.2,0.4,0.3,0.119094644559346,7091,50736,6171,807,100,10,3,0,0
0.01,0.2,0.4,0.4,0.103967474508218,5510,45942,4953,500,47,8,2,0,0
0.01,0.2,0.4,0.5,0.0952294982524047,4345,43606,3936,370,35,4,0,0,0
0.01,0.2,0.5,0.1,0.169045538577082,12479,66456,10567,1646,227,35,4,0,0
0.01,0.2,0.5,0.2,0.146337632513937,9808,59823,8399,1221,169,18,0,1,0
0.01,0.2,0.5,0.3,0.128357982610705,7673,54711,6756,807,96,14,0,0,0
0.01,0.2,0.5,0.4,0.115915393281146,6257,50978,5603,600,49,4,1,0,0
0.01,0.2,0.5,0.5,0.104763641353014,4829,47898,4400,393,29,6,1,0,0
0.01,0.3,0.1,0.1,0.15452677720327,15041,50969,11496,2746,635,134,27,2,1
0.01,0.3,0.1,0.2,0.107036598399723,9556,37731,7603,1566,299,72,15,1,0
0.01,0.3,0.1,0.3,0.0819528293711546,6407,31136,5205,992,183,22,5,0,0
0.01,0.3,0.1,0.4,0.0681417718593836,4639,27651,3954,571,100,12,2,0,0
0.01,0.3,0.1,0.5,0.0579468644386031,3423,24756,2992,375,48,8,0,0,0
0.01,0.3,0.2,0.1,0.203047820560964,20176,66068,15463,3665,814,193,29,11,1
0.01,0.3,0.2,0.2,0.155801366301742,14203,54203,11204,2419,488,77,12,2,1
0.01,0.3,0.2,0.3,0.126612192726537,10348,47223,8536,1478,281,41,11,1,0
0.01,0.3,0.2,0.4,0.106778430919437,7742,42245,6520,1051,150,19,2,0,0
0.01,0.3,0.2,0.5,0.0929529304717063,5796,39030,5031,674,83,7,1,0,0
0.01,0.3,0.3,0.1,0.227786764493486,22883,73506,17568,4079,948,237,43,6,2
0.01,0.3,0.3,0.2,0.184669184551836,17005,63761,13406,2855,600,122,14,7,1
0.01,0.3,0.3,0.3,0.154952843814091,12898,57250,10609,1888,322,66,12,1,0
0.01,0.3,0.3,0.4,0.13499631705133,10038,52744,8389,1391,216,36,6,0,0
0.01,0.3,0.3,0.5,0.11866316184754,7513,49622,6565,837,93,15,3,0,0
0.01,0.3,0.4,0.1,0.242052774487998,24339,78083,18670,4375,1007,233,47,5,2
0.01,0.3,0.4,0.2,0.202999075652099,18748,70143,14923,3065,586,133,38,3,0
0.01,0.3,0.4,0.3,0.175111571680291,14531,64759,11905,2187,346,79,12,2,0
0.01,0.3,0.4,0.4,0.155192957624426,11514,60724,9649,1575,243,40,6,1,0
0.01,0.3,0.4,0.5,0.139031312285161,9024,57628,7851,1031,127,11,4,0,0
0.01,0.3,0.5,0.1,0.251048918224097,25251,81014,19426,4491,1024,251,47,11,1
0.01,0.3,0.5,0.2,0.217198287067795,20066,74924,15879,3326,694,134,30,3,0
0.01,0.3,0.5,0.3,0.19094644559346,16087,70049,13134,2458,414,69,10,2,0
0.01,0.3,0.5,0.4,0.170137785609059,12747,66352,10726,1716,249,46,8,2,0
0.01,0.3,0.5,0.5,0.154745226609665,10129,63964,8822,1145,144,14,3,1,0
0.01,0.4,0.1,0.1,0.204903737831826,24380,53958,16828,5292,1568,485,149,48,10
0.01,0.4,0.1,0.2,0.138861607787631,15143,41109,11072,2980,813,217,43,16,2
0.01,0.4,0.1,0.3,0.107742496894769,10664,35022,8079,1995,464,102,20,4,0
0.01,0.4,0.1,0.4,0.0877119500852133,7594,31451,6050,1237,230,60,17,0,0
0.01,0.4,0.1,0.5,0.074982307403449,5595,29137,4608,798,163,22,4,0,0
0.01,0.4,0.2,0.1,0.269172997486929,32302,70011,22152,7066,2178,652,184,53,17
0.01,0.4,0.2,0.2,0.204602241543661,22640,59517,16376,4576,1237,344,90,11,6
0.01,0.4,0.2,0.3,0.166272494872758,16851,53063,12780,3106,743,163,46,9,4
0.01,0.4,0.2,0.4,0.139493486235882,12741,48478,10082,2132,427,82,16,2,0
0.01,0.4,0.2,0.5,0.120780857332679,9599,45679,7901,1422,234,35,6,1,0
0.01,0.4,0.3,0.1,0.302249126202374,36259,78684,24876,7968,2383,745,210,56,21
0.01,0.4,0.3,0.2,0.244056731852451,27347,70036,19727,5529,1541,398,120,23,9
0.01,0.4,0.3,0.3,0.205060804760392,21058,64584,15829,3955,980,221,60,12,1
0.01,0.4,0.3,0.4,0.177375501892025,16341,61237,12856,2798,558,105,20,3,1
0.01,0.4,0.3,0.5,0.156472962823883,12600,58753,10331,1890,315,58,6,0,0
0.01,0.4,0.4,0.1,0.322252592507005,38617,83875,26524,8372,2604,768,261,68,20
0.01,0.4,0.4,0.2,0.2696171177677,30497,76943,22111,6100,1721,442,87,27,9
0.01,0.4,0.4,0.3,0.232892342355354,23935,73522,18186,4321,1081,276,59,11,1
0.01,0.4,0.4,0.4,0.205185375083047,19022,70747,15102,3140,640,122,16,0,2
0.01,0.4,0.4,0.5,0.183461394032179,14967,68489,12337,2159,384,79,7,1,0
0.01,0.4,0.5,0.1,0.334000115543488,40242,86375,27549,8829,2724,796,258,68,18
0.01,0.4,0.5,0.2,0.287661760882752,32516,82048,23537,6553,1786,472,135,22,11
0.01,0.4,0.5,0.3,0.25353671394321,26273,79371,19779,4910,1240,265,62,17,0
0.01,0.4,0.5,0.4,0.226571752505849,21157,77513,16606,3650,723,143,29,5,1
0.01,0.4,0.5,0.5,0.203954114792455,16728,76069,13855,2398,391,72,10,2,0
0.01,0.5,0.1,0.1,0.255907160807649,33864,52777,20639,8089,3199,1290,422,152,73
0.01,0.5,0.1,0.2,0.171063938877495,21121,41533,13802,4838,1649,579,171,71,11
0.01,0.5,0.1,0.3,0.132557266241081,15098,36703,10523,3192,974,288,90,25,6
0.01,0.5,0.1,0.4,0.107863456483434,11122,33733,8305,2092,546,140,32,5,2
0.01,0.5,0.1,0.5,0.0915790461885092,8247,31924,6442,1411,303,75,14,2,0
0.01,0.5,0.2,0.1,0.336847179294607,45064,68257,27340,11028,4223,1543,637,213,80
0.01,0.5,0.2,0.2,0.255235564285508,32270,59850,20914,7481,2599,908,277,71,20
0.01,0.5,0.2,0.3,0.205454374765302,24024,55414,16641,5247,1536,437,115,38,10
0.01,0.5,0.2,0.4,0.173205104133568,18441,52533,13582,3614,915,254,64,10,2
0.01,0.5,0.2,0.5,0.150643432797019,14248,50861,11024,2534,556,101,30,2,1
0.01,0.5,0.3,0.1,0.377810956411219,50626,76483,30857,12245,4702,1822,680,219,101
0.01,0.5,0.3,0.2,0.304668317975678,38639,71280,25102,8997,3067,1000,336,98,39
0.01,0.5,0.3,0.3,0.255143490568763,30142,67944,20904,6466,1977,579,150,56,10
0.01,0.5,0.3,0.4,0.22035406857506,23820,66066,17587,4655,1152,332,78,14,2
0.01,0.5,0.3,0.5,0.192972067361853,18373,65124,14356,3189,684,121,18,4,1
0.01,0.5,0.4,0.1,0.401836780380716,53841,81279,32806,12948,5090,1952,697,242,106
0.01,0.5,0.4,0.2,0.337175756087698,42998,78091,27888,9954,3489,1127,381,115,44
0.01,0.5,0.4,0.3,0.28929922874722,34403,76508,23737,7558,2226,668,164,40,10
0.01,0.5,0.4,0.4,0.254796860105722,27501,76540,20322,5355,1355,369,85,11,4
0.01,0.5,0.4,0.5,0.228487246887547,21936,76555,17121,3762,846,160,39,5,3
0.01,0.5,0.5,0.1,0.418469626505676,56109,84555,34205,13484,5288,2022,752,263,95
0.01,0.5,0.5,0.2,0.360584144544903,45868,83883,29811,10528,3731,1273,367,115,43
0.01,0.5,0.5,0.3,0.317697651578613,37955,83639,26379,8106,2489,675,234,52,20
0.01,0.5,0.5,0.4,0.282996692567665,30737,84478,22674,5985,1569,387,97,21,4
0.01,0.5,0.5,0.5,0.255094745659898,24582,85258,19164,4253,927,194,33,11,0
0,0.1,0.1,0.1,0.049967142320691,2030,23444,1873,144,11,1,1,0,0
0,0.1,0.1,0.2,0.0331808400011554,1194,15910,1118,71,5,0,0,0,0
0,0.1,0.1,0.3,0.0254285941246137,809,12421,763,46,0,0,0,0,0
0
0
0
0
0
0
0
0
0
0
0
0
0
0
0
0
0
0
0
0
0
0
0
0
0
0
0
0
0
0
0
0
0
0
0
0
0
0
0
0
0
0
0
0
0
0
0
0
0
0
0
0
0
0
0
0
0
0
0
0
0
0
0
0
0
0
0
0
0
0
0
0
0
0
0
0
0
0
0
0
0
0
0
0
0
0
0
0
0
0
0
0
0
0
0
0
0
0
0
0
0
0
0
0
0
0
0
0
0
0
0
0
0
0
0
0
0
0
0
0
0
0
0
0
0
0
0
0
0
0
0
0
0
0
0
0
0
0
0
0
0
0
0
0
0
0
0
0
0
0
0
0
0
0
0
0
0
0
0
0
0
0
0
0
0
0
0
0
0
0
0
0
0
0
0
0
0
0
0
0
0
0.0005,0.1,0.1,0.1,0.0503065513157515,2053,23583,1891,149,12,1,0,0,0
0.001,0.1,0.1,0.1,0.0499418671827609,1967,23553,1805,150,10,2,0,0,0
0.0005,0.1,0.1,0.1,0.0500628267714261,1967,23652,1837,116,14,0,0,0,0
0.001,0.1,0.1,0.1,0.0507145642566221,2035,23851,1876,148,11,0,0,0,0
0.0015,0.1,0.1,0.1,0.0506116583379069,2007,23872,1862,142,3,0,0,0,0
0.0005,0.1,0.1,0.1,0.0502361420029464,2003,23664,1856,138,9,0,0,0,0
0.001,0.1,0.1,0.1,0.0509438458649874,2005,24053,1858,139,8,0,0,0,0
0.0015,0.1,0.1,0.1,0.0507940004044022,2056,23846,1893,150,12,1,0,0,0
